{"CO2Emission":{"sum":219.540001,"mean":43.9080002,"max":44.130001,"min":43.650002},"ProductionGe100MW":{"sum":158.219998,"mean":31.6439996,"max":32.689999,"min":30.92},"ProductionLt100MW":{"sum":1417.430024,"mean":283.4860048,"max":284.51001,"min":282.01001},"SolarPower":{"sum":1.6,"mean":0.32,"max":0.34,"min":0.28},"OffshoreWindPower":{"sum":4034.200011,"mean":806.8400022,"max":815.690002,"min":802.359985},"OnshoreWindPower":{"sum":2488.970032,"mean":497.7940064,"max":500.700012,"min":495.109985},"Exchange_Sum":{"sum":5872.360108,"mean":1174.4720216,"max":1184.420044,"min":1168.959961},"Exchange_DK1_DE":{"sum":618.089997,"mean":123.6179994,"max":127.900002,"min":121.860001},"Exchange_DK1_NL":{"sum":-2121.570037,"mean":-424.3140074,"max":-423.690002,"min":-424.730011},"Exchange_DK1_NO":{"sum":6139.709961,"mean":1227.9419922,"max":1228.390015,"min":1227.719971},"Exchange_DK1_SE":{"sum":-2422.0,"mean":-484.4,"max":-484.0,"min":-485.0},"Exchange_DK1_DK2":{"sum":2999.94995,"mean":599.98999,"max":599.98999,"min":599.98999},"Exchange_DK2_DE":{"sum":-1149.25,"mean":-229.85,"max":-228.779999,"min":-231.149994},"Exchange_DK2_SE":{"sum":4818.079956,"mean":963.6159912,"max":973.23999,"min":958.349976},"Exchange_Bornholm_SE":{"sum":-10.7,"mean":-2.14,"max":-1.76,"min":-2.34}}