{"CO2Emission":{"sum":225.959996,"mean":45.1919992,"max":45.23,"min":45.16},"ProductionGe100MW":{"sum":166.429995,"mean":33.285999,"max":33.509998,"min":33.02},"ProductionLt100MW":{"sum":1510.929992,"mean":302.1859984,"max":308.109985,"min":296.649994},"SolarPower":{"sum":1.55,"mean":0.31,"max":0.35,"min":0.27},"OffshoreWindPower":{"sum":3991.650086,"mean":798.3300172,"max":801.299988,"min":793.02002},"OnshoreWindPower":{"sum":2466.389984,"mean":493.2779968,"max":495.869995,"min":490.929993},"Exchange_Sum":{"sum":6367.320191,"mean":1273.4640382,"max":1282.420044,"min":1261.810059},"Exchange_DK1_DE":{"sum":-1299.530013,"mean":-259.9060026,"max":-238.949997,"min":-285.440002},"Exchange_DK1_NL":{"sum":-2936.3501,"mean":-587.27002,"max":-587.27002,"min":-587.27002},"Exchange_DK1_NO":{"sum":6149.420043,"mean":1229.8840086,"max":1232.0,"min":1227.630005},"Exchange_DK1_SE":{"sum":636.0,"mean":127.2,"max":156.0,"min":115.0},"Exchange_DK1_DK2":{"sum":2981.460083,"mean":596.2920166,"max":600.349976,"min":588.960022},"Exchange_DK2_DE":{"sum":-1121.840012,"mean":-224.3680024,"max":-221.600006,"min":-227.869995},"Exchange_DK2_SE":{"sum":4956.110046,"mean":991.2220092,"max":998.580017,"min":982.599976},"Exchange_Bornholm_SE":{"sum":-16.49,"mean":-3.298,"max":-2.89,"min":-3.64}}