{"CO2Emission":{"sum":231.389999,"mean":46.2779998,"max":46.43,"min":46.07},"ProductionGe100MW":{"sum":162.499999,"mean":32.4999998,"max":33.439999,"min":31.530001},"ProductionLt100MW":{"sum":1437.639985,"mean":287.527997,"max":289.410004,"min":285.309998},"SolarPower":{"sum":1.45,"mean":0.29,"max":0.31,"min":0.27},"OffshoreWindPower":{"sum":3949.409973,"mean":789.8819946,"max":793.969971,"min":785.429993},"OnshoreWindPower":{"sum":2304.609985,"mean":460.921997,"max":463.410004,"min":459.570007},"Exchange_Sum":{"sum":6345.23999,"mean":1269.047998,"max":1273.609985,"min":1261.040039},"Exchange_DK1_DE":{"sum":-1142.36998,"mean":-228.473996,"max":-221.789993,"min":-236.649994},"Exchange_DK1_NL":{"sum":-2936.3501,"mean":-587.27002,"max":-587.27002,"min":-587.27002},"Exchange_DK1_NO":{"sum":6139.429931,"mean":1227.8859862,"max":1227.959961,"min":1227.699951},"Exchange_DK1_SE":{"sum":575.0,"mean":115.0,"max":115.0,"min":115.0},"Exchange_DK1_DK2":{"sum":2998.69995,"mean":599.73999,"max":599.73999,"min":599.73999},"Exchange_DK2_DE":{"sum":-1187.589981,"mean":-237.5179962,"max":-234.720001,"min":-240.059998},"Exchange_DK2_SE":{"sum":4918.030031,"mean":983.6060062,"max":990.27002,"min":980.049988},"Exchange_Bornholm_SE":{"sum":-20.91,"mean":-4.182,"max":-3.74,"min":-4.46}}