{"CO2Emission":{"sum":227.060002,"mean":45.4120004,"max":45.450001,"min":45.360001},"ProductionGe100MW":{"sum":161.560001,"mean":32.3120002,"max":32.93,"min":31.75},"ProductionLt100MW":{"sum":1831.440003,"mean":366.2880006,"max":370.579987,"min":361.75},"SolarPower":{"sum":1.5,"mean":0.3,"max":0.32,"min":0.27},"OffshoreWindPower":{"sum":3879.369935,"mean":775.873987,"max":780.679993,"min":771.609985},"OnshoreWindPower":{"sum":2491.970001,"mean":498.3940002,"max":499.459991,"min":495.630005},"Exchange_Sum":{"sum":6446.719972,"mean":1289.3439944,"max":1298.599976,"min":1273.810059},"Exchange_DK1_DE":{"sum":-2485.929992,"mean":-497.1859984,"max":-473.320007,"min":-518.919983},"Exchange_DK1_NL":{"sum":-3498.399965,"mean":-699.679993,"max":-699.679993,"min":-699.679993},"Exchange_DK1_NO":{"sum":6272.909912,"mean":1254.5819824,"max":1257.01001,"min":1252.449951},"Exchange_DK1_SE":{"sum":2786.0,"mean":557.2,"max":599.0,"min":516.0},"Exchange_DK1_DK2":{"sum":2436.649994,"mean":487.3299988,"max":498.049988,"min":475.779999},"Exchange_DK2_DE":{"sum":-1183.189973,"mean":-236.6379946,"max":-234.029999,"min":-238.289993},"Exchange_DK2_SE":{"sum":4569.840027,"mean":913.9680054,"max":929.380005,"min":893.429993},"Exchange_Bornholm_SE":{"sum":-14.51,"mean":-2.902,"max":-2.48,"min":-3.4}}