{"CO2Emission":{"sum":227.23,"mean":45.446,"max":45.68,"min":45.080002},"ProductionGe100MW":{"sum":166.280004,"mean":33.2560008,"max":33.860001,"min":32.880001},"ProductionLt100MW":{"sum":1439.329957,"mean":287.8659914,"max":289.769989,"min":285.079987},"SolarPower":{"sum":1.41,"mean":0.282,"max":0.33,"min":0.25},"OffshoreWindPower":{"sum":3954.190003,"mean":790.8380006,"max":796.210022,"min":781.0},"OnshoreWindPower":{"sum":2415.589997,"mean":483.1179994,"max":484.709991,"min":482.26001},"Exchange_Sum":{"sum":6466.769899,"mean":1293.3539798,"max":1307.969971,"min":1286.349976},"Exchange_DK1_DE":{"sum":-1169.140014,"mean":-233.8280028,"max":-229.520004,"min":-239.330002},"Exchange_DK1_NL":{"sum":-2936.3501,"mean":-587.27002,"max":-587.27002,"min":-587.27002},"Exchange_DK1_NO":{"sum":6138.369994,"mean":1227.6739988,"max":1227.910034,"min":1227.47998},"Exchange_DK1_SE":{"sum":575.0,"mean":115.0,"max":115.0,"min":115.0},"Exchange_DK1_DK2":{"sum":2999.309936,"mean":599.8619872,"max":600.349976,"min":599.73999},"Exchange_DK2_DE":{"sum":-1100.509995,"mean":-220.101999,"max":-218.380005,"min":-223.860001},"Exchange_DK2_SE":{"sum":4976.860047,"mean":995.3720094,"max":1006.030029,"min":984.309998},"Exchange_Bornholm_SE":{"sum":-17.46,"mean":-3.492,"max":-3.33,"min":-3.68}}