{"CO2Emission":{"sum":227.220001,"mean":45.4440002,"max":45.540001,"min":45.389999},"ProductionGe100MW":{"sum":162.240002,"mean":32.4480004,"max":33.93,"min":31.75},"ProductionLt100MW":{"sum":1824.709992,"mean":364.9419984,"max":368.579987,"min":361.75},"SolarPower":{"sum":1.47,"mean":0.294,"max":0.32,"min":0.27},"OffshoreWindPower":{"sum":3876.109985,"mean":775.221997,"max":779.969971,"min":771.609985},"OnshoreWindPower":{"sum":2485.130005,"mean":497.026001,"max":499.420013,"min":494.549988},"Exchange_Sum":{"sum":6400.860109,"mean":1280.1720218,"max":1298.599976,"min":1256.040039},"Exchange_DK1_DE":{"sum":-2397.310028,"mean":-479.4620056,"max":-464.660004,"min":-498.730011},"Exchange_DK1_NL":{"sum":-3470.959962,"mean":-694.1919924,"max":-680.75,"min":-699.679993},"Exchange_DK1_NO":{"sum":6262.139893,"mean":1252.4279786,"max":1254.199951,"min":1249.800049},"Exchange_DK1_SE":{"sum":2588.0,"mean":517.6,"max":557.0,"min":479.0},"Exchange_DK1_DK2":{"sum":2487.610015,"mean":497.522003,"max":506.420013,"min":487.950012},"Exchange_DK2_DE":{"sum":-1184.589982,"mean":-236.9179964,"max":-236.259995,"min":-238.289993},"Exchange_DK2_SE":{"sum":4618.400025,"mean":923.680005,"max":933.27002,"min":911.289978},"Exchange_Bornholm_SE":{"sum":-14.82,"mean":-2.964,"max":-2.69,"min":-3.4}}