{"CO2Emission":{"sum":216.45,"mean":43.29,"max":43.369999,"min":43.220001},"ProductionGe100MW":{"sum":173.29,"mean":34.658,"max":35.310001,"min":33.630001},"ProductionLt100MW":{"sum":1390.769989,"mean":278.1539978,"max":279.5,"min":277.649994},"SolarPower":{"sum":1.54,"mean":0.308,"max":0.36,"min":0.26},"OffshoreWindPower":{"sum":4125.200012,"mean":825.0400024,"max":827.150024,"min":820.650024},"OnshoreWindPower":{"sum":2516.23999,"mean":503.247998,"max":506.380005,"min":499.609985},"Exchange_Sum":{"sum":5778.019898,"mean":1155.6039796,"max":1162.079956,"min":1151.140015},"Exchange_DK1_DE":{"sum":618.940002,"mean":123.7880004,"max":126.589996,"min":120.550003},"Exchange_DK1_NL":{"sum":-2123.650055,"mean":-424.730011,"max":-424.730011,"min":-424.730011},"Exchange_DK1_NO":{"sum":6139.950073,"mean":1227.9900146,"max":1228.25,"min":1227.859985},"Exchange_DK1_SE":{"sum":-2421.0,"mean":-484.2,"max":-484.0,"min":-485.0},"Exchange_DK1_DK2":{"sum":2999.69995,"mean":599.93999,"max":599.98999,"min":599.73999},"Exchange_DK2_DE":{"sum":-1165.039993,"mean":-233.0079986,"max":-229.800003,"min":-234.75},"Exchange_DK2_SE":{"sum":4741.850036,"mean":948.3700072,"max":952.48999,"min":944.900024},"Exchange_Bornholm_SE":{"sum":-13.03,"mean":-2.606,"max":-1.97,"min":-3.03}}