{"CO2Emission":{"sum":227.540002,"mean":45.5080004,"max":45.540001,"min":45.48},"ProductionGe100MW":{"sum":158.350002,"mean":31.6700004,"max":32.490002,"min":31.049999},"ProductionLt100MW":{"sum":1424.720032,"mean":284.9440064,"max":286.670013,"min":283.51001},"SolarPower":{"sum":1.6,"mean":0.32,"max":0.34,"min":0.3},"OffshoreWindPower":{"sum":4097.660034,"mean":819.5320068,"max":828.650024,"min":815.76001},"OnshoreWindPower":{"sum":2390.220001,"mean":478.0440002,"max":483.209991,"min":472.920013},"Exchange_Sum":{"sum":6024.909911,"mean":1204.9819822,"max":1230.97998,"min":1167.98999},"Exchange_DK1_DE":{"sum":-496.970002,"mean":-99.3940004,"max":-86.650002,"min":-121.220001},"Exchange_DK1_NL":{"sum":-2922.81006,"mean":-584.562012,"max":-573.72998,"min":-587.27002},"Exchange_DK1_NO":{"sum":6139.540039,"mean":1227.9080078,"max":1227.949951,"min":1227.800049},"Exchange_DK1_SE":{"sum":-317.0,"mean":-63.4,"max":-23.0,"min":-101.0},"Exchange_DK1_DK2":{"sum":2998.69995,"mean":599.73999,"max":599.73999,"min":599.73999},"Exchange_DK2_DE":{"sum":-1192.36,"mean":-238.472,"max":-234.419998,"min":-241.899994},"Exchange_DK2_SE":{"sum":4829.499878,"mean":965.8999756,"max":979.469971,"min":947.47998},"Exchange_Bornholm_SE":{"sum":-14.99,"mean":-2.998,"max":-2.65,"min":-3.23}}