{"CO2Emission":{"sum":225.959996,"mean":45.1919992,"max":45.23,"min":45.16},"ProductionGe100MW":{"sum":166.329997,"mean":33.2659994,"max":33.509998,"min":33.02},"ProductionLt100MW":{"sum":1497.920013,"mean":299.5840026,"max":306.899994,"min":295.100006},"SolarPower":{"sum":1.45,"mean":0.29,"max":0.32,"min":0.25},"OffshoreWindPower":{"sum":3986.120057,"mean":797.2240114,"max":801.299988,"min":793.02002},"OnshoreWindPower":{"sum":2461.820007,"mean":492.3640014,"max":495.869995,"min":486.920013},"Exchange_Sum":{"sum":6378.780152,"mean":1275.7560304,"max":1287.189941,"min":1261.810059},"Exchange_DK1_DE":{"sum":-1244.180007,"mean":-248.8360014,"max":-230.089996,"min":-271.920013},"Exchange_DK1_NL":{"sum":-2936.3501,"mean":-587.27002,"max":-587.27002,"min":-587.27002},"Exchange_DK1_NO":{"sum":6144.700072,"mean":1228.9400144,"max":1230.910034,"min":1227.280029},"Exchange_DK1_SE":{"sum":595.0,"mean":119.0,"max":135.0,"min":115.0},"Exchange_DK1_DK2":{"sum":2992.850037,"mean":598.5700074,"max":600.349976,"min":593.590027},"Exchange_DK2_DE":{"sum":-1116.580002,"mean":-223.3160004,"max":-221.600006,"min":-227.869995},"Exchange_DK2_SE":{"sum":4953.090027,"mean":990.6180054,"max":998.580017,"min":982.599976},"Exchange_Bornholm_SE":{"sum":-16.9,"mean":-3.38,"max":-2.89,"min":-3.71}}