{"CO2Emission":{"sum":228.770005,"mean":45.754001,"max":46.200001,"min":45.5},"ProductionGe100MW":{"sum":166.579997,"mean":33.3159994,"max":33.799999,"min":32.709999},"ProductionLt100MW":{"sum":1445.270019,"mean":289.0540038,"max":289.51001,"min":288.100006},"SolarPower":{"sum":1.49,"mean":0.298,"max":0.31,"min":0.27},"OffshoreWindPower":{"sum":4028.950012,"mean":805.7900024,"max":810.330017,"min":796.919983},"OnshoreWindPower":{"sum":2346.52002,"mean":469.304004,"max":474.76001,"min":463.559998},"Exchange_Sum":{"sum":6243.159912,"mean":1248.6319824,"max":1251.589966,"min":1243.219971},"Exchange_DK1_DE":{"sum":-819.150008,"mean":-163.8300016,"max":-135.320007,"min":-199.440002},"Exchange_DK1_NL":{"sum":-2936.3501,"mean":-587.27002,"max":-587.27002,"min":-587.27002},"Exchange_DK1_NO":{"sum":6137.679932,"mean":1227.5359864,"max":1227.75,"min":1227.339966},"Exchange_DK1_SE":{"sum":207.0,"mean":41.4,"max":81.0,"min":4.0},"Exchange_DK1_DK2":{"sum":2998.69995,"mean":599.73999,"max":599.73999,"min":599.73999},"Exchange_DK2_DE":{"sum":-1193.889999,"mean":-238.7779998,"max":-236.130005,"min":-241.289993},"Exchange_DK2_SE":{"sum":4864.339966,"mean":972.8679932,"max":976.539978,"min":967.669983},"Exchange_Bornholm_SE":{"sum":-16.47,"mean":-3.294,"max":-3.13,"min":-3.78}}