{"CO2Emission":{"sum":227.59,"mean":45.518,"max":45.68,"min":45.080002},"ProductionGe100MW":{"sum":167.39,"mean":33.478,"max":33.860001,"min":32.880001},"ProductionLt100MW":{"sum":1440.399963,"mean":288.0799926,"max":289.769989,"min":285.079987},"SolarPower":{"sum":1.43,"mean":0.286,"max":0.33,"min":0.25},"OffshoreWindPower":{"sum":3951.539979,"mean":790.3079958,"max":795.059998,"min":781.0},"OnshoreWindPower":{"sum":2406.539979,"mean":481.3079958,"max":482.529999,"min":479.269989},"Exchange_Sum":{"sum":6475.289918,"mean":1295.0579836,"max":1307.969971,"min":1287.469971},"Exchange_DK1_DE":{"sum":-1163.290023,"mean":-232.6580046,"max":-227.960007,"min":-239.330002},"Exchange_DK1_NL":{"sum":-2936.3501,"mean":-587.27002,"max":-587.27002,"min":-587.27002},"Exchange_DK1_NO":{"sum":6138.369994,"mean":1227.6739988,"max":1227.819946,"min":1227.47998},"Exchange_DK1_SE":{"sum":575.0,"mean":115.0,"max":115.0,"min":115.0},"Exchange_DK1_DK2":{"sum":2998.69995,"mean":599.73999,"max":599.73999,"min":599.73999},"Exchange_DK2_DE":{"sum":-1108.259995,"mean":-221.651999,"max":-218.729996,"min":-223.860001},"Exchange_DK2_SE":{"sum":4987.100037,"mean":997.4200074,"max":1006.030029,"min":988.099976},"Exchange_Bornholm_SE":{"sum":-17.28,"mean":-3.456,"max":-3.27,"min":-3.74}}