{"CO2Emission":{"sum":226.379998,"mean":45.2759996,"max":45.5,"min":45.009998},"ProductionGe100MW":{"sum":157.110001,"mean":31.4220002,"max":31.58,"min":31.049999},"ProductionLt100MW":{"sum":1424.110016,"mean":284.8220032,"max":285.920013,"min":283.51001},"SolarPower":{"sum":1.6,"mean":0.32,"max":0.35,"min":0.3},"OffshoreWindPower":{"sum":4143.710083,"mean":828.7420166,"max":835.590027,"min":820.169983},"OnshoreWindPower":{"sum":2417.25,"mean":483.45,"max":487.899994,"min":479.540009},"Exchange_Sum":{"sum":5897.310059,"mean":1179.4620118,"max":1204.390015,"min":1166.310059},"Exchange_DK1_DE":{"sum":-453.750008,"mean":-90.7500016,"max":-86.650002,"min":-94.050003},"Exchange_DK1_NL":{"sum":-2789.969971,"mean":-557.9939942,"max":-526.390015,"min":-587.27002},"Exchange_DK1_NO":{"sum":6139.98999,"mean":1227.997998,"max":1228.079956,"min":1227.920044},"Exchange_DK1_SE":{"sum":-606.0,"mean":-121.2,"max":-84.0,"min":-161.0},"Exchange_DK1_DK2":{"sum":2998.69995,"mean":599.73999,"max":599.73999,"min":599.73999},"Exchange_DK2_DE":{"sum":-1179.450012,"mean":-235.8900024,"max":-231.399994,"min":-240.520004},"Exchange_DK2_SE":{"sum":4801.829955,"mean":960.365991,"max":975.72998,"min":947.47998},"Exchange_Bornholm_SE":{"sum":-15.34,"mean":-3.068,"max":-2.96,"min":-3.23}}