{"CO2Emission":{"sum":221.270004,"mean":44.2540008,"max":44.380001,"min":44.02},"ProductionGe100MW":{"sum":162.639998,"mean":32.5279996,"max":32.77,"min":32.259998},"ProductionLt100MW":{"sum":1422.640015,"mean":284.528003,"max":284.880005,"min":284.220001},"SolarPower":{"sum":1.54,"mean":0.308,"max":0.34,"min":0.28},"OffshoreWindPower":{"sum":4254.070007,"mean":850.8140014,"max":857.840027,"min":844.580017},"OnshoreWindPower":{"sum":2472.440003,"mean":494.4880006,"max":498.290009,"min":491.149994},"Exchange_Sum":{"sum":5808.230103,"mean":1161.6460206,"max":1175.290039,"min":1140.790039},"Exchange_DK1_DE":{"sum":-213.590006,"mean":-42.7180012,"max":-6.59,"min":-68.980003},"Exchange_DK1_NL":{"sum":-2123.650055,"mean":-424.730011,"max":-424.730011,"min":-424.730011},"Exchange_DK1_NO":{"sum":6138.310059,"mean":1227.6620118,"max":1227.880005,"min":1227.349976},"Exchange_DK1_SE":{"sum":-1608.0,"mean":-321.6,"max":-284.0,"min":-361.0},"Exchange_DK1_DK2":{"sum":2998.69995,"mean":599.73999,"max":599.73999,"min":599.73999},"Exchange_DK2_DE":{"sum":-1160.820007,"mean":-232.1640014,"max":-229.820007,"min":-237.309998},"Exchange_DK2_SE":{"sum":4791.619994,"mean":958.3239988,"max":974.080017,"min":938.450012},"Exchange_Bornholm_SE":{"sum":-15.64,"mean":-3.128,"max":-2.82,"min":-3.57}}