{"CO2Emission":{"sum":218.850002,"mean":43.7700004,"max":44.080002,"min":43.560001},"ProductionGe100MW":{"sum":158.800001,"mean":31.7600002,"max":32.130001,"min":31.02},"ProductionLt100MW":{"sum":1413.289978,"mean":282.6579956,"max":284.019989,"min":281.410004},"SolarPower":{"sum":1.57,"mean":0.314,"max":0.34,"min":0.28},"OffshoreWindPower":{"sum":4232.899964,"mean":846.5799928,"max":852.599976,"min":843.919983},"OnshoreWindPower":{"sum":2474.790009,"mean":494.9580018,"max":497.399994,"min":493.410004},"Exchange_Sum":{"sum":5795.300048,"mean":1159.0600096,"max":1183.359985,"min":1143.790039},"Exchange_DK1_DE":{"sum":289.24,"mean":57.848,"max":98.279999,"min":13.67},"Exchange_DK1_NL":{"sum":-2123.650055,"mean":-424.730011,"max":-424.730011,"min":-424.730011},"Exchange_DK1_NO":{"sum":6138.599975,"mean":1227.719995,"max":1227.97998,"min":1227.390015},"Exchange_DK1_SE":{"sum":-2112.0,"mean":-422.4,"max":-381.0,"min":-464.0},"Exchange_DK1_DK2":{"sum":2998.69995,"mean":599.73999,"max":599.73999,"min":599.73999},"Exchange_DK2_DE":{"sum":-1152.919998,"mean":-230.5839996,"max":-227.220001,"min":-234.300003},"Exchange_DK2_SE":{"sum":4769.939942,"mean":953.9879884,"max":973.919983,"min":938.349976},"Exchange_Bornholm_SE":{"sum":-13.91,"mean":-2.782,"max":-2.55,"min":-3.13}}