{"CO2Emission":{"sum":231.590004,"mean":46.3180008,"max":46.43,"min":46.200001},"ProductionGe100MW":{"sum":166.299996,"mean":33.2599992,"max":33.799999,"min":32.369999},"ProductionLt100MW":{"sum":1443.879974,"mean":288.7759948,"max":289.48999,"min":287.369995},"SolarPower":{"sum":1.45,"mean":0.29,"max":0.31,"min":0.27},"OffshoreWindPower":{"sum":3954.23999,"mean":790.847998,"max":796.919983,"min":785.429993},"OnshoreWindPower":{"sum":2312.98999,"mean":462.597998,"max":464.339996,"min":459.570007},"Exchange_Sum":{"sum":6304.400025,"mean":1260.880005,"max":1273.589966,"min":1250.380005},"Exchange_DK1_DE":{"sum":-1118.89,"mean":-223.778,"max":-199.440002,"min":-236.649994},"Exchange_DK1_NL":{"sum":-2936.3501,"mean":-587.27002,"max":-587.27002,"min":-587.27002},"Exchange_DK1_NO":{"sum":6138.869995,"mean":1227.773999,"max":1227.939941,"min":1227.349976},"Exchange_DK1_SE":{"sum":524.0,"mean":104.8,"max":115.0,"min":81.0},"Exchange_DK1_DK2":{"sum":2998.69995,"mean":599.73999,"max":599.73999,"min":599.73999},"Exchange_DK2_DE":{"sum":-1190.089997,"mean":-238.0179994,"max":-236.130005,"min":-240.059998},"Exchange_DK2_SE":{"sum":4906.270021,"mean":981.2540042,"max":990.27002,"min":967.669983},"Exchange_Bornholm_SE":{"sum":-19.41,"mean":-3.882,"max":-3.2,"min":-4.43}}