{"CO2Emission":{"sum":225.859997,"mean":45.1719994,"max":45.5,"min":44.959999},"ProductionGe100MW":{"sum":156.930003,"mean":31.3860006,"max":31.58,"min":30.870001},"ProductionLt100MW":{"sum":1422.559997,"mean":284.5119994,"max":285.920013,"min":281.959991},"SolarPower":{"sum":1.54,"mean":0.308,"max":0.35,"min":0.26},"OffshoreWindPower":{"sum":4167.360107,"mean":833.4720214,"max":843.820007,"min":828.650024},"OnshoreWindPower":{"sum":2426.759979,"mean":485.3519958,"max":489.049988,"min":482.640015},"Exchange_Sum":{"sum":5857.670044,"mean":1171.5340088,"max":1181.290039,"min":1164.75},"Exchange_DK1_DE":{"sum":-450.810005,"mean":-90.162001,"max":-83.709999,"min":-94.050003},"Exchange_DK1_NL":{"sum":-2713.129944,"mean":-542.6259888,"max":-510.429993,"min":-573.72998},"Exchange_DK1_NO":{"sum":6139.430054,"mean":1227.8860108,"max":1228.079956,"min":1227.380005},"Exchange_DK1_SE":{"sum":-702.0,"mean":-140.4,"max":-101.0,"min":-180.0},"Exchange_DK1_DK2":{"sum":2998.69995,"mean":599.73999,"max":599.73999,"min":599.73999},"Exchange_DK2_DE":{"sum":-1176.980011,"mean":-235.3960022,"max":-231.399994,"min":-240.520004},"Exchange_DK2_SE":{"sum":4775.919982,"mean":955.1839964,"max":964.700012,"min":947.47998},"Exchange_Bornholm_SE":{"sum":-14.76,"mean":-2.952,"max":-2.65,"min":-3.16}}