{"CO2Emission":{"sum":230.699998,"mean":46.1399996,"max":46.41,"min":45.939999},"ProductionGe100MW":{"sum":158.82,"mean":31.764,"max":32.369999,"min":31.16},"ProductionLt100MW":{"sum":1431.5,"mean":286.3,"max":287.369995,"min":285.309998},"SolarPower":{"sum":1.54,"mean":0.308,"max":0.35,"min":0.27},"OffshoreWindPower":{"sum":3958.419984,"mean":791.6839968,"max":796.01001,"min":785.429993},"OnshoreWindPower":{"sum":2296.929992,"mean":459.3859984,"max":459.959991,"min":457.880005},"Exchange_Sum":{"sum":6373.799926,"mean":1274.7599852,"max":1282.359985,"min":1272.040039},"Exchange_DK1_DE":{"sum":-1130.849976,"mean":-226.1699952,"max":-221.789993,"min":-233.699997},"Exchange_DK1_NL":{"sum":-2936.3501,"mean":-587.27002,"max":-587.27002,"min":-587.27002},"Exchange_DK1_NO":{"sum":6139.540039,"mean":1227.9080078,"max":1228.180054,"min":1227.699951},"Exchange_DK1_SE":{"sum":575.0,"mean":115.0,"max":115.0,"min":115.0},"Exchange_DK1_DK2":{"sum":2998.69995,"mean":599.73999,"max":599.73999,"min":599.73999},"Exchange_DK2_DE":{"sum":-1180.319991,"mean":-236.0639982,"max":-232.449997,"min":-238.339996},"Exchange_DK2_SE":{"sum":4927.360047,"mean":985.4720094,"max":991.030029,"min":980.049988},"Exchange_Bornholm_SE":{"sum":-20.58,"mean":-4.116,"max":-3.68,"min":-4.46}}