{"CO2Emission":{"sum":230.400006,"mean":46.0800012,"max":46.43,"min":45.630001},"ProductionGe100MW":{"sum":166.719997,"mean":33.3439994,"max":33.799999,"min":32.709999},"ProductionLt100MW":{"sum":1446.450012,"mean":289.2900024,"max":289.51001,"min":288.839996},"SolarPower":{"sum":1.48,"mean":0.296,"max":0.31,"min":0.27},"OffshoreWindPower":{"sum":3995.429992,"mean":799.0859984,"max":810.330017,"min":786.73999},"OnshoreWindPower":{"sum":2324.199981,"mean":464.8399962,"max":468.209991,"min":462.109985},"Exchange_Sum":{"sum":6271.719971,"mean":1254.3439942,"max":1264.800049,"min":1250.359985},"Exchange_DK1_DE":{"sum":-997.520004,"mean":-199.5040008,"max":-162.529999,"min":-236.649994},"Exchange_DK1_NL":{"sum":-2936.3501,"mean":-587.27002,"max":-587.27002,"min":-587.27002},"Exchange_DK1_NO":{"sum":6138.069824,"mean":1227.6139648,"max":1227.939941,"min":1227.339966},"Exchange_DK1_SE":{"sum":396.0,"mean":79.2,"max":115.0,"min":41.0},"Exchange_DK1_DK2":{"sum":2998.69995,"mean":599.73999,"max":599.73999,"min":599.73999},"Exchange_DK2_DE":{"sum":-1194.720002,"mean":-238.9440004,"max":-236.130005,"min":-241.289993},"Exchange_DK2_SE":{"sum":4884.75995,"mean":976.95199,"max":990.27002,"min":967.669983},"Exchange_Bornholm_SE":{"sum":-18.52,"mean":-3.704,"max":-3.2,"min":-4.43}}