{"CO2Emission":{"sum":226.080005,"mean":45.216001,"max":45.310001,"min":45.060001},"ProductionGe100MW":{"sum":166.360001,"mean":33.2720002,"max":34.07,"min":32.41},"ProductionLt100MW":{"sum":1719.829956,"mean":343.9659912,"max":355.829987,"min":330.48999},"SolarPower":{"sum":1.48,"mean":0.296,"max":0.33,"min":0.26},"OffshoreWindPower":{"sum":3931.959961,"mean":786.3919922,"max":793.26001,"min":781.669983},"OnshoreWindPower":{"sum":2458.829987,"mean":491.7659974,"max":496.049988,"min":487.209991},"Exchange_Sum":{"sum":6489.630128,"mean":1297.9260256,"max":1313.640015,"min":1278.530029},"Exchange_DK1_DE":{"sum":-2054.640014,"mean":-410.9280028,"max":-396.089996,"min":-437.230011},"Exchange_DK1_NL":{"sum":-3120.080017,"mean":-624.0160034,"max":-599.969971,"min":-647.22998},"Exchange_DK1_NO":{"sum":6210.069946,"mean":1242.0139892,"max":1244.160034,"min":1240.349976},"Exchange_DK1_SE":{"sum":1891.0,"mean":378.2,"max":419.0,"min":336.0},"Exchange_DK1_DK2":{"sum":2658.860047,"mean":531.7720094,"max":542.059998,"min":521.570007},"Exchange_DK2_DE":{"sum":-1195.519989,"mean":-239.1039978,"max":-237.830002,"min":-240.509995},"Exchange_DK2_SE":{"sum":4772.629944,"mean":954.5259888,"max":968.789978,"min":940.719971},"Exchange_Bornholm_SE":{"sum":-13.83,"mean":-2.766,"max":-2.1,"min":-3.06}}