{"CO2Emission":{"sum":220.799994,"mean":44.1599988,"max":44.27,"min":44.049999},"ProductionGe100MW":{"sum":178.470002,"mean":35.6940004,"max":36.450001,"min":34.369999},"ProductionLt100MW":{"sum":1417.920013,"mean":283.5840026,"max":284.440002,"min":282.119995},"SolarPower":{"sum":1.54,"mean":0.308,"max":0.32,"min":0.29},"OffshoreWindPower":{"sum":3987.130006,"mean":797.4260012,"max":801.01001,"min":791.130005},"OnshoreWindPower":{"sum":2461.040007,"mean":492.2080014,"max":493.48999,"min":489.950012},"Exchange_Sum":{"sum":5872.290039,"mean":1174.4580078,"max":1186.119995,"min":1169.319946},"Exchange_DK1_DE":{"sum":617.839996,"mean":123.5679992,"max":124.839996,"min":122.440002},"Exchange_DK1_NL":{"sum":-2118.45001,"mean":-423.690002,"max":-423.690002,"min":-423.690002},"Exchange_DK1_NO":{"sum":6137.900026,"mean":1227.5800052,"max":1228.099976,"min":1226.930054},"Exchange_DK1_SE":{"sum":-2422.0,"mean":-484.4,"max":-484.0,"min":-485.0},"Exchange_DK1_DK2":{"sum":2999.94995,"mean":599.98999,"max":599.98999,"min":599.98999},"Exchange_DK2_DE":{"sum":-1124.330003,"mean":-224.8660006,"max":-223.809998,"min":-226.160004},"Exchange_DK2_SE":{"sum":4789.909973,"mean":957.9819946,"max":969.98999,"min":952.25},"Exchange_Bornholm_SE":{"sum":-8.58,"mean":-1.716,"max":-1.63,"min":-1.83}}