{"CO2Emission":{"sum":218.490002,"mean":43.6980004,"max":44.02,"min":43.369999},"ProductionGe100MW":{"sum":162.759999,"mean":32.5519998,"max":33.630001,"min":31.49},"ProductionLt100MW":{"sum":1410.52002,"mean":282.104004,"max":284.51001,"min":279.5},"SolarPower":{"sum":1.64,"mean":0.328,"max":0.36,"min":0.28},"OffshoreWindPower":{"sum":4063.260008,"mean":812.6520016,"max":820.650024,"min":802.359985},"OnshoreWindPower":{"sum":2495.220001,"mean":499.0440002,"max":502.019989,"min":495.109985},"Exchange_Sum":{"sum":5840.51001,"mean":1168.102002,"max":1175.369995,"min":1159.920044},"Exchange_DK1_DE":{"sum":620.189996,"mean":124.0379992,"max":127.900002,"min":121.879997},"Exchange_DK1_NL":{"sum":-2123.650055,"mean":-424.730011,"max":-424.730011,"min":-424.730011},"Exchange_DK1_NO":{"sum":6139.590088,"mean":1227.9180176,"max":1228.390015,"min":1227.640015},"Exchange_DK1_SE":{"sum":-2422.0,"mean":-484.4,"max":-484.0,"min":-485.0},"Exchange_DK1_DK2":{"sum":2999.94995,"mean":599.98999,"max":599.98999,"min":599.98999},"Exchange_DK2_DE":{"sum":-1154.400009,"mean":-230.8800018,"max":-228.779999,"min":-233.570007},"Exchange_DK2_SE":{"sum":4791.859985,"mean":958.371997,"max":964.159973,"min":950.890015},"Exchange_Bornholm_SE":{"sum":-11.08,"mean":-2.216,"max":-1.97,"min":-2.34}}