{"CO2Emission":{"sum":226.539997,"mean":45.3079994,"max":45.52,"min":45.189999},"ProductionGe100MW":{"sum":162.059997,"mean":32.4119994,"max":33.509998,"min":31.25},"ProductionLt100MW":{"sum":1545.359985,"mean":309.071997,"max":311.970001,"min":306.899994},"SolarPower":{"sum":1.59,"mean":0.318,"max":0.35,"min":0.3},"OffshoreWindPower":{"sum":3992.55011,"mean":798.510022,"max":802.580017,"min":795.090027},"OnshoreWindPower":{"sum":2470.01001,"mean":494.002002,"max":495.76001,"min":491.48999},"Exchange_Sum":{"sum":6361.130005,"mean":1272.226001,"max":1275.72998,"min":1267.969971},"Exchange_DK1_DE":{"sum":-1517.450012,"mean":-303.4900024,"max":-271.920013,"min":-338.559998},"Exchange_DK1_NL":{"sum":-2936.3501,"mean":-587.27002,"max":-587.27002,"min":-587.27002},"Exchange_DK1_NO":{"sum":6163.46997,"mean":1232.693994,"max":1234.699951,"min":1230.910034},"Exchange_DK1_SE":{"sum":886.0,"mean":177.2,"max":219.0,"min":135.0},"Exchange_DK1_DK2":{"sum":2920.750061,"mean":584.1500122,"max":593.590027,"min":575.640015},"Exchange_DK2_DE":{"sum":-1149.420013,"mean":-229.8840026,"max":-225.690002,"min":-236.740005},"Exchange_DK2_SE":{"sum":4930.870056,"mean":986.1740112,"max":992.780029,"min":976.849976},"Exchange_Bornholm_SE":{"sum":-15.99,"mean":-3.198,"max":-2.86,"min":-3.33}}