{"CO2Emission":{"sum":226.529996,"mean":45.3059992,"max":45.57,"min":45.169998},"ProductionGe100MW":{"sum":165.75,"mean":33.15,"max":33.259998,"min":33.02},"ProductionLt100MW":{"sum":1466.179993,"mean":293.2359986,"max":298.350006,"min":287.679993},"SolarPower":{"sum":1.36,"mean":0.272,"max":0.3,"min":0.25},"OffshoreWindPower":{"sum":3974.430055,"mean":794.886011,"max":799.210022,"min":791.179993},"OnshoreWindPower":{"sum":2442.190002,"mean":488.4380004,"max":495.869995,"min":483.76001},"Exchange_Sum":{"sum":6423.739991,"mean":1284.7479982,"max":1288.719971,"min":1279.060059},"Exchange_DK1_DE":{"sum":-1184.139999,"mean":-236.8279998,"max":-230.089996,"min":-250.800003},"Exchange_DK1_NL":{"sum":-2936.3501,"mean":-587.27002,"max":-587.27002,"min":-587.27002},"Exchange_DK1_NO":{"sum":6139.390136,"mean":1227.8780272,"max":1228.900024,"min":1227.280029},"Exchange_DK1_SE":{"sum":575.0,"mean":115.0,"max":115.0,"min":115.0},"Exchange_DK1_DK2":{"sum":3000.069947,"mean":600.0139894,"max":600.349976,"min":599.280029},"Exchange_DK2_DE":{"sum":-1103.740006,"mean":-220.7480012,"max":-218.380005,"min":-222.460007},"Exchange_DK2_SE":{"sum":4951.01001,"mean":990.202002,"max":998.580017,"min":984.309998},"Exchange_Bornholm_SE":{"sum":-17.43,"mean":-3.486,"max":-2.89,"min":-3.71}}