{"CO2Emission":{"sum":217.120003,"mean":43.4240006,"max":43.650002,"min":43.220001},"ProductionGe100MW":{"sum":169.169998,"mean":33.8339996,"max":34.790001,"min":32.689999},"ProductionLt100MW":{"sum":1398.119995,"mean":279.623999,"max":282.01001,"min":277.820007},"SolarPower":{"sum":1.66,"mean":0.332,"max":0.36,"min":0.31},"OffshoreWindPower":{"sum":4104.249999,"mean":820.8499998,"max":825.969971,"min":815.690002},"OnshoreWindPower":{"sum":2507.640015,"mean":501.528003,"max":504.220001,"min":497.890015},"Exchange_Sum":{"sum":5803.77002,"mean":1160.754004,"max":1174.180054,"min":1152.23999},"Exchange_DK1_DE":{"sum":620.859993,"mean":124.1719986,"max":126.589996,"min":121.879997},"Exchange_DK1_NL":{"sum":-2123.650055,"mean":-424.730011,"max":-424.730011,"min":-424.730011},"Exchange_DK1_NO":{"sum":6139.580078,"mean":1227.9160156,"max":1228.25,"min":1227.640015},"Exchange_DK1_SE":{"sum":-2421.0,"mean":-484.2,"max":-484.0,"min":-485.0},"Exchange_DK1_DK2":{"sum":2999.94995,"mean":599.98999,"max":599.98999,"min":599.98999},"Exchange_DK2_DE":{"sum":-1160.150009,"mean":-232.0300018,"max":-228.779999,"min":-234.75},"Exchange_DK2_SE":{"sum":4759.760009,"mean":951.9520018,"max":964.159973,"min":944.900024},"Exchange_Bornholm_SE":{"sum":-11.63,"mean":-2.326,"max":-1.97,"min":-2.72}}