{"CO2Emission":{"sum":216.82,"mean":43.364,"max":43.439999,"min":43.310001},"ProductionGe100MW":{"sum":162.409998,"mean":32.4819996,"max":34.799999,"min":31.24},"ProductionLt100MW":{"sum":1398.239989,"mean":279.6479978,"max":280.670013,"min":277.970001},"SolarPower":{"sum":1.57,"mean":0.314,"max":0.34,"min":0.27},"OffshoreWindPower":{"sum":4176.140015,"mean":835.228003,"max":845.309998,"min":826.849976},"OnshoreWindPower":{"sum":2503.199981,"mean":500.6399962,"max":503.529999,"min":499.100006},"Exchange_Sum":{"sum":5754.039917,"mean":1150.8079834,"max":1161.089966,"min":1139.73999},"Exchange_DK1_DE":{"sum":608.100006,"mean":121.6200012,"max":122.860001,"min":118.550003},"Exchange_DK1_NL":{"sum":-2123.650055,"mean":-424.730011,"max":-424.730011,"min":-424.730011},"Exchange_DK1_NO":{"sum":6138.719971,"mean":1227.7439942,"max":1228.209961,"min":1227.369995},"Exchange_DK1_SE":{"sum":-2424.0,"mean":-484.8,"max":-484.0,"min":-485.0},"Exchange_DK1_DK2":{"sum":2998.69995,"mean":599.73999,"max":599.73999,"min":599.73999},"Exchange_DK2_DE":{"sum":-1157.739975,"mean":-231.547995,"max":-228.759995,"min":-235.169998},"Exchange_DK2_SE":{"sum":4725.899964,"mean":945.1799928,"max":952.48999,"min":935.309998},"Exchange_Bornholm_SE":{"sum":-13.29,"mean":-2.658,"max":-2.07,"min":-3.06}}