{"CO2Emission":{"sum":216.400001,"mean":43.2800002,"max":43.32,"min":43.220001},"ProductionGe100MW":{"sum":172.159999,"mean":34.4319998,"max":35.310001,"min":32.5},"ProductionLt100MW":{"sum":1389.97998,"mean":277.995996,"max":278.709991,"min":277.649994},"SolarPower":{"sum":1.45,"mean":0.29,"max":0.32,"min":0.26},"OffshoreWindPower":{"sum":4133.51001,"mean":826.702002,"max":828.960022,"min":824.580017},"OnshoreWindPower":{"sum":2513.320007,"mean":502.6640014,"max":506.380005,"min":499.100006},"Exchange_Sum":{"sum":5777.029908,"mean":1155.4059816,"max":1161.089966,"min":1151.140015},"Exchange_DK1_DE":{"sum":616.499999,"mean":123.2999998,"max":126.589996,"min":120.550003},"Exchange_DK1_NL":{"sum":-2123.650055,"mean":-424.730011,"max":-424.730011,"min":-424.730011},"Exchange_DK1_NO":{"sum":6139.420044,"mean":1227.8840088,"max":1228.25,"min":1227.369995},"Exchange_DK1_SE":{"sum":-2421.0,"mean":-484.2,"max":-484.0,"min":-485.0},"Exchange_DK1_DK2":{"sum":2999.44995,"mean":599.88999,"max":599.98999,"min":599.73999},"Exchange_DK2_DE":{"sum":-1163.999985,"mean":-232.799997,"max":-228.759995,"min":-234.75},"Exchange_DK2_SE":{"sum":4742.890014,"mean":948.5780028,"max":952.48999,"min":944.900024},"Exchange_Bornholm_SE":{"sum":-13.13,"mean":-2.626,"max":-2.07,"min":-3.03}}