{"CO2Emission":{"sum":226.370002,"mean":45.2740004,"max":45.41,"min":45.060001},"ProductionGe100MW":{"sum":164.669999,"mean":32.9339998,"max":34.07,"min":32.389999},"ProductionLt100MW":{"sum":1778.569976,"mean":355.7139952,"max":365.839996,"min":345.220001},"SolarPower":{"sum":1.49,"mean":0.298,"max":0.33,"min":0.26},"OffshoreWindPower":{"sum":3902.939941,"mean":780.5879882,"max":786.659973,"min":771.909973},"OnshoreWindPower":{"sum":2463.139984,"mean":492.6279968,"max":498.109985,"min":487.209991},"Exchange_Sum":{"sum":6456.360108,"mean":1291.2720216,"max":1313.640015,"min":1278.530029},"Exchange_DK1_DE":{"sum":-2165.959992,"mean":-433.1919984,"max":-402.399994,"min":-457.079987},"Exchange_DK1_NL":{"sum":-3235.070069,"mean":-647.0140138,"max":-623.840027,"min":-669.02002},"Exchange_DK1_NO":{"sum":6219.97998,"mean":1243.995996,"max":1247.25,"min":1241.829956},"Exchange_DK1_SE":{"sum":2097.0,"mean":419.4,"max":460.0,"min":378.0},"Exchange_DK1_DK2":{"sum":2609.180055,"mean":521.836011,"max":531.640015,"min":512.140015},"Exchange_DK2_DE":{"sum":-1197.73999,"mean":-239.547998,"max":-237.830002,"min":-243.199997},"Exchange_DK2_SE":{"sum":4753.289918,"mean":950.6579836,"max":962.159973,"min":940.719971},"Exchange_Bornholm_SE":{"sum":-15.14,"mean":-3.028,"max":-2.89,"min":-3.1}}