{"CO2Emission":{"sum":226.179997,"mean":45.2359994,"max":45.34,"min":45.16},"ProductionGe100MW":{"sum":163.989997,"mean":32.7979994,"max":33.509998,"min":31.25},"ProductionLt100MW":{"sum":1534.309997,"mean":306.8619994,"max":309.429993,"min":300.920013},"SolarPower":{"sum":1.58,"mean":0.316,"max":0.35,"min":0.3},"OffshoreWindPower":{"sum":3998.760071,"mean":799.7520142,"max":802.580017,"min":796.76001},"OnshoreWindPower":{"sum":2468.080017,"mean":493.6160034,"max":495.76001,"min":491.48999},"Exchange_Sum":{"sum":6354.970093,"mean":1270.9940186,"max":1275.72998,"min":1261.810059},"Exchange_DK1_DE":{"sum":-1431.310012,"mean":-286.2620024,"max":-252.419998,"min":-317.470001},"Exchange_DK1_NL":{"sum":-2936.3501,"mean":-587.27002,"max":-587.27002,"min":-587.27002},"Exchange_DK1_NO":{"sum":6158.749999,"mean":1231.7499998,"max":1233.699951,"min":1229.97998},"Exchange_DK1_SE":{"sum":782.0,"mean":156.4,"max":198.0,"min":115.0},"Exchange_DK1_DK2":{"sum":2944.390075,"mean":588.878015,"max":599.280029,"min":578.359985},"Exchange_DK2_DE":{"sum":-1135.430008,"mean":-227.0860016,"max":-222.75,"min":-231.960007},"Exchange_DK2_SE":{"sum":4933.77002,"mean":986.754004,"max":992.780029,"min":976.849976},"Exchange_Bornholm_SE":{"sum":-16.46,"mean":-3.292,"max":-3.23,"min":-3.33}}