{"CO2Emission":{"sum":220.249999,"mean":44.0499998,"max":44.27,"min":43.869999},"ProductionGe100MW":{"sum":161.009996,"mean":32.2019992,"max":34.369999,"min":30.92},"ProductionLt100MW":{"sum":1419.400025,"mean":283.880005,"max":284.51001,"min":283.480011},"SolarPower":{"sum":1.6,"mean":0.32,"max":0.34,"min":0.29},"OffshoreWindPower":{"sum":4015.890015,"mean":803.178003,"max":806.809998,"min":797.77002},"OnshoreWindPower":{"sum":2481.400024,"mean":496.2800048,"max":500.700012,"min":491.940002},"Exchange_Sum":{"sum":5874.640015,"mean":1174.928003,"max":1184.420044,"min":1168.959961},"Exchange_DK1_DE":{"sum":616.079994,"mean":123.2159988,"max":124.839996,"min":121.860001},"Exchange_DK1_NL":{"sum":-2119.490019,"mean":-423.8980038,"max":-423.690002,"min":-424.730011},"Exchange_DK1_NO":{"sum":6139.519897,"mean":1227.9039794,"max":1228.099976,"min":1227.719971},"Exchange_DK1_SE":{"sum":-2422.0,"mean":-484.4,"max":-484.0,"min":-485.0},"Exchange_DK1_DK2":{"sum":2999.94995,"mean":599.98999,"max":599.98999,"min":599.98999},"Exchange_DK2_DE":{"sum":-1142.039993,"mean":-228.4079986,"max":-225.220001,"min":-231.149994},"Exchange_DK2_SE":{"sum":4812.209961,"mean":962.4419922,"max":973.23999,"min":952.25},"Exchange_Bornholm_SE":{"sum":-9.64,"mean":-1.928,"max":-1.76,"min":-2.28}}