{"CO2Emission":{"sum":217.389999,"mean":43.4779998,"max":43.639999,"min":43.310001},"ProductionGe100MW":{"sum":159.350001,"mean":31.8700002,"max":32.279999,"min":31.24},"ProductionLt100MW":{"sum":1404.579986,"mean":280.9159972,"max":281.609985,"min":280.399994},"SolarPower":{"sum":1.65,"mean":0.33,"max":0.34,"min":0.32},"OffshoreWindPower":{"sum":4209.76001,"mean":841.952002,"max":845.469971,"min":833.280029},"OnshoreWindPower":{"sum":2496.409973,"mean":499.2819946,"max":503.529999,"min":494.519989},"Exchange_Sum":{"sum":5744.330078,"mean":1148.8660156,"max":1164.800049,"min":1139.73999},"Exchange_DK1_DE":{"sum":540.310006,"mean":108.0620012,"max":122.860001,"min":78.0},"Exchange_DK1_NL":{"sum":-2123.650055,"mean":-424.730011,"max":-424.730011,"min":-424.730011},"Exchange_DK1_NO":{"sum":6138.839966,"mean":1227.7679932,"max":1228.209961,"min":1227.390015},"Exchange_DK1_SE":{"sum":-2362.0,"mean":-472.4,"max":-443.0,"min":-485.0},"Exchange_DK1_DK2":{"sum":2998.69995,"mean":599.73999,"max":599.73999,"min":599.73999},"Exchange_DK2_DE":{"sum":-1159.629989,"mean":-231.9259978,"max":-229.470001,"min":-235.169998},"Exchange_DK2_SE":{"sum":4723.819947,"mean":944.7639894,"max":963.98999,"min":935.309998},"Exchange_Bornholm_SE":{"sum":-13.36,"mean":-2.672,"max":-2.17,"min":-3.06}}