{"CO2Emission":{"sum":220.719996,"mean":44.1439992,"max":44.27,"min":43.959999},"ProductionGe100MW":{"sum":169.919996,"mean":33.9839992,"max":36.040001,"min":31.469999},"ProductionLt100MW":{"sum":1419.660034,"mean":283.9320068,"max":284.440002,"min":283.480011},"SolarPower":{"sum":1.56,"mean":0.312,"max":0.32,"min":0.29},"OffshoreWindPower":{"sum":4007.04004,"mean":801.408008,"max":806.809998,"min":797.77002},"OnshoreWindPower":{"sum":2463.72,"mean":492.744,"max":495.380005,"min":489.950012},"Exchange_Sum":{"sum":5865.390015,"mean":1173.078003,"max":1181.349976,"min":1169.319946},"Exchange_DK1_DE":{"sum":616.669997,"mean":123.3339994,"max":124.839996,"min":122.440002},"Exchange_DK1_NL":{"sum":-2118.45001,"mean":-423.690002,"max":-423.690002,"min":-423.690002},"Exchange_DK1_NO":{"sum":6138.52002,"mean":1227.704004,"max":1228.099976,"min":1226.930054},"Exchange_DK1_SE":{"sum":-2422.0,"mean":-484.4,"max":-484.0,"min":-485.0},"Exchange_DK1_DK2":{"sum":2999.94995,"mean":599.98999,"max":599.98999,"min":599.98999},"Exchange_DK2_DE":{"sum":-1132.76001,"mean":-226.552002,"max":-224.660004,"min":-229.270004},"Exchange_DK2_SE":{"sum":4792.269959,"mean":958.4539918,"max":967.289978,"min":952.25},"Exchange_Bornholm_SE":{"sum":-8.86,"mean":-1.772,"max":-1.63,"min":-2.04}}