{"CO2Emission":{"sum":228.060006,"mean":45.6120012,"max":45.900002,"min":45.490002},"ProductionGe100MW":{"sum":165.27,"mean":33.054,"max":33.52,"min":32.490002},"ProductionLt100MW":{"sum":1442.450042,"mean":288.4900084,"max":289.51001,"min":286.670013},"SolarPower":{"sum":1.52,"mean":0.304,"max":0.34,"min":0.27},"OffshoreWindPower":{"sum":4048.240051,"mean":809.6480102,"max":816.210022,"min":806.01001},"OnshoreWindPower":{"sum":2355.880035,"mean":471.176007,"max":474.76001,"min":465.980011},"Exchange_Sum":{"sum":6223.759887,"mean":1244.7519774,"max":1251.589966,"min":1230.97998},"Exchange_DK1_DE":{"sum":-740.930007,"mean":-148.1860014,"max":-121.220001,"min":-176.240005},"Exchange_DK1_NL":{"sum":-2936.3501,"mean":-587.27002,"max":-587.27002,"min":-587.27002},"Exchange_DK1_NO":{"sum":6137.859986,"mean":1227.5719972,"max":1227.930054,"min":1227.339966},"Exchange_DK1_SE":{"sum":103.0,"mean":20.6,"max":61.0,"min":-23.0},"Exchange_DK1_DK2":{"sum":2998.69995,"mean":599.73999,"max":599.73999,"min":599.73999},"Exchange_DK2_DE":{"sum":-1199.659988,"mean":-239.9319976,"max":-238.320007,"min":-241.899994},"Exchange_DK2_SE":{"sum":4876.139954,"mean":975.2279908,"max":979.469971,"min":968.849976},"Exchange_Bornholm_SE":{"sum":-16.3,"mean":-3.26,"max":-3.03,"min":-3.78}}