{"CO2Emission":{"sum":217.690003,"mean":43.5380006,"max":43.869999,"min":43.220001},"ProductionGe100MW":{"sum":166.06,"mean":33.212,"max":34.790001,"min":31.65},"ProductionLt100MW":{"sum":1403.830017,"mean":280.7660034,"max":283.540009,"min":277.820007},"SolarPower":{"sum":1.62,"mean":0.324,"max":0.36,"min":0.28},"OffshoreWindPower":{"sum":4085.48004,"mean":817.096008,"max":824.580017,"min":807.200012},"OnshoreWindPower":{"sum":2498.529999,"mean":499.7059998,"max":504.01001,"min":495.109985},"Exchange_Sum":{"sum":5826.900025,"mean":1165.380005,"max":1175.369995,"min":1155.349976},"Exchange_DK1_DE":{"sum":623.469994,"mean":124.6939988,"max":127.900002,"min":121.879997},"Exchange_DK1_NL":{"sum":-2123.650055,"mean":-424.730011,"max":-424.730011,"min":-424.730011},"Exchange_DK1_NO":{"sum":6139.720093,"mean":1227.9440186,"max":1228.390015,"min":1227.640015},"Exchange_DK1_SE":{"sum":-2421.0,"mean":-484.2,"max":-484.0,"min":-485.0},"Exchange_DK1_DK2":{"sum":2999.94995,"mean":599.98999,"max":599.98999,"min":599.98999},"Exchange_DK2_DE":{"sum":-1156.500015,"mean":-231.300003,"max":-228.779999,"min":-233.570007},"Exchange_DK2_SE":{"sum":4776.109985,"mean":955.221997,"max":964.159973,"min":945.330017},"Exchange_Bornholm_SE":{"sum":-11.25,"mean":-2.25,"max":-1.97,"min":-2.45}}