{"CO2Emission":{"sum":225.68,"mean":45.136,"max":45.279999,"min":44.970001},"ProductionGe100MW":{"sum":167.340004,"mean":33.4680008,"max":34.860001,"min":32.400002},"ProductionLt100MW":{"sum":1857.079986,"mean":371.4159972,"max":372.420013,"min":370.019989},"SolarPower":{"sum":1.43,"mean":0.286,"max":0.3,"min":0.27},"OffshoreWindPower":{"sum":3768.659973,"mean":753.7319946,"max":760.219971,"min":748.820007},"OnshoreWindPower":{"sum":2606.320008,"mean":521.2640016,"max":523.049988,"min":518.549988},"Exchange_Sum":{"sum":6671.27002,"mean":1334.254004,"max":1342.819946,"min":1321.550049},"Exchange_DK1_DE":{"sum":-2938.210021,"mean":-587.6420042,"max":-583.900024,"min":-592.330017},"Exchange_DK1_NL":{"sum":-3501.700135,"mean":-700.340027,"max":-700.340027,"min":-700.340027},"Exchange_DK1_NO":{"sum":6312.280031,"mean":1262.4560062,"max":1262.719971,"min":1262.219971},"Exchange_DK1_SE":{"sum":3575.0,"mean":715.0,"max":715.0,"min":715.0},"Exchange_DK1_DK2":{"sum":2231.00006,"mean":446.200012,"max":446.200012,"min":446.200012},"Exchange_DK2_DE":{"sum":-1169.619995,"mean":-233.923999,"max":-230.130005,"min":-237.929993},"Exchange_DK2_SE":{"sum":4403.380006,"mean":880.6760012,"max":884.880005,"min":872.76001},"Exchange_Bornholm_SE":{"sum":-9.86,"mean":-1.972,"max":-1.69,"min":-2.1}}