{"CO2Emission":{"sum":227.600003,"mean":45.5200006,"max":45.540001,"min":45.490002},"ProductionGe100MW":{"sum":162.350002,"mean":32.4700004,"max":33.459999,"min":31.25},"ProductionLt100MW":{"sum":1434.450042,"mean":286.8900084,"max":288.970001,"min":284.070007},"SolarPower":{"sum":1.52,"mean":0.304,"max":0.34,"min":0.27},"OffshoreWindPower":{"sum":4063.350037,"mean":812.6700074,"max":816.869995,"min":806.01001},"OnshoreWindPower":{"sum":2376.240021,"mean":475.2480042,"max":478.269989,"min":472.920013},"Exchange_Sum":{"sum":6143.359862,"mean":1228.6719724,"max":1247.609985,"min":1209.97998},"Exchange_DK1_DE":{"sum":-602.260002,"mean":-120.4520004,"max":-95.449997,"min":-145.619995},"Exchange_DK1_NL":{"sum":-2936.3501,"mean":-587.27002,"max":-587.27002,"min":-587.27002},"Exchange_DK1_NO":{"sum":6138.580079,"mean":1227.7160158,"max":1227.949951,"min":1227.339966},"Exchange_DK1_SE":{"sum":-108.0,"mean":-21.6,"max":20.0,"min":-65.0},"Exchange_DK1_DK2":{"sum":2998.69995,"mean":599.73999,"max":599.73999,"min":599.73999},"Exchange_DK2_DE":{"sum":-1191.319991,"mean":-238.2639982,"max":-234.419998,"min":-241.899994},"Exchange_DK2_SE":{"sum":4857.569947,"mean":971.5139894,"max":979.469971,"min":959.849976},"Exchange_Bornholm_SE":{"sum":-14.86,"mean":-2.972,"max":-2.65,"min":-3.13}}