{"CO2Emission":{"sum":226.900002,"mean":45.3800004,"max":45.450001,"min":45.290001},"ProductionGe100MW":{"sum":162.490001,"mean":32.4980002,"max":32.93,"min":32.080002},"ProductionLt100MW":{"sum":1842.01999,"mean":368.403998,"max":372.329987,"min":363.630005},"SolarPower":{"sum":1.45,"mean":0.29,"max":0.31,"min":0.27},"OffshoreWindPower":{"sum":3870.349976,"mean":774.0699952,"max":780.679993,"min":770.950012},"OnshoreWindPower":{"sum":2491.119995,"mean":498.223999,"max":499.459991,"min":494.779999},"Exchange_Sum":{"sum":6500.799928,"mean":1300.1599856,"max":1327.890015,"min":1284.709961},"Exchange_DK1_DE":{"sum":-2540.880005,"mean":-508.176001,"max":-484.440002,"min":-528.27002},"Exchange_DK1_NL":{"sum":-3498.399965,"mean":-699.679993,"max":-699.679993,"min":-699.679993},"Exchange_DK1_NO":{"sum":6277.880005,"mean":1255.576001,"max":1257.420044,"min":1253.839966},"Exchange_DK1_SE":{"sum":2890.0,"mean":578.0,"max":620.0,"min":536.0},"Exchange_DK1_DK2":{"sum":2408.490021,"mean":481.6980042,"max":493.619995,"min":469.890015},"Exchange_DK2_DE":{"sum":-1178.789979,"mean":-235.7579958,"max":-233.889999,"min":-238.179993},"Exchange_DK2_SE":{"sum":4565.539979,"mean":913.1079958,"max":929.380005,"min":893.429993},"Exchange_Bornholm_SE":{"sum":-14.55,"mean":-2.91,"max":-2.48,"min":-3.4}}