{"CO2Emission":{"sum":231.560001,"mean":46.3120002,"max":46.43,"min":46.169998},"ProductionGe100MW":{"sum":164.699998,"mean":32.9399996,"max":33.73,"min":32.200001},"ProductionLt100MW":{"sum":1441.169983,"mean":288.2339966,"max":289.410004,"min":286.779999},"SolarPower":{"sum":1.41,"mean":0.282,"max":0.3,"min":0.27},"OffshoreWindPower":{"sum":3951.289978,"mean":790.2579956,"max":794.25,"min":785.429993},"OnshoreWindPower":{"sum":2309.169982,"mean":461.8339964,"max":464.339996,"min":459.570007},"Exchange_Sum":{"sum":6327.630005,"mean":1265.526001,"max":1273.609985,"min":1254.589966},"Exchange_DK1_DE":{"sum":-1143.239991,"mean":-228.6479982,"max":-222.660004,"min":-236.649994},"Exchange_DK1_NL":{"sum":-2936.3501,"mean":-587.27002,"max":-587.27002,"min":-587.27002},"Exchange_DK1_NO":{"sum":6138.819946,"mean":1227.7639892,"max":1227.939941,"min":1227.349976},"Exchange_DK1_SE":{"sum":558.0,"mean":111.6,"max":115.0,"min":98.0},"Exchange_DK1_DK2":{"sum":2998.69995,"mean":599.73999,"max":599.73999,"min":599.73999},"Exchange_DK2_DE":{"sum":-1188.679993,"mean":-237.7359986,"max":-234.720001,"min":-240.059998},"Exchange_DK2_SE":{"sum":4919.410036,"mean":983.8820072,"max":990.27002,"min":980.140015},"Exchange_Bornholm_SE":{"sum":-20.33,"mean":-4.066,"max":-3.74,"min":-4.43}}