{"CO2Emission":{"sum":219.310001,"mean":43.8620002,"max":44.080002,"min":43.57},"ProductionGe100MW":{"sum":159.46,"mean":31.892,"max":32.77,"min":31.02},"ProductionLt100MW":{"sum":1416.249969,"mean":283.2499938,"max":284.369995,"min":281.609985},"SolarPower":{"sum":1.58,"mean":0.316,"max":0.34,"min":0.28},"OffshoreWindPower":{"sum":4232.01001,"mean":846.402002,"max":852.599976,"min":843.919983},"OnshoreWindPower":{"sum":2475.680024,"mean":495.1360048,"max":498.290009,"min":493.410004},"Exchange_Sum":{"sum":5826.800048,"mean":1165.3600096,"max":1183.359985,"min":1151.150024},"Exchange_DK1_DE":{"sum":184.370001,"mean":36.8740002,"max":78.0,"min":-6.59},"Exchange_DK1_NL":{"sum":-2123.650055,"mean":-424.730011,"max":-424.730011,"min":-424.730011},"Exchange_DK1_NO":{"sum":6138.040039,"mean":1227.6080078,"max":1227.869995,"min":1227.390015},"Exchange_DK1_SE":{"sum":-2009.0,"mean":-401.8,"max":-361.0,"min":-443.0},"Exchange_DK1_DK2":{"sum":2998.69995,"mean":599.73999,"max":599.73999,"min":599.73999},"Exchange_DK2_DE":{"sum":-1154.520004,"mean":-230.9040008,"max":-227.220001,"min":-234.300003},"Exchange_DK2_SE":{"sum":4805.669983,"mean":961.1339966,"max":974.080017,"min":945.809998},"Exchange_Bornholm_SE":{"sum":-14.11,"mean":-2.822,"max":-2.55,"min":-3.13}}